No,Time,Humidity,Temperature,Pressure
690,2/14/19 0:00,11.688,89.161,0.988
691,2/14/19 0:01,11.664,89.181,0.988
692,2/14/19 0:02,11.669,89.166,0.988
693,2/14/19 0:03,11.702,89.143,0.988
694,2/14/19 0:04,11.678,89.164,0.988
695,2/14/19 0:05,11.756,89.185,0.988
696,2/14/19 0:06,12.061,89.141,0.988
697,2/14/19 0:07,11.852,89.121,0.988
698,2/14/19 0:08,11.833,89.143,0.988
699,2/14/19 0:09,11.795,89.173,0.988
700,2/14/19 0:10,11.735,89.093,0.988
701,2/14/19 0:11,12.035,89.104,0.988
702,2/14/19 0:12,11.706,89.085,0.988
703,2/14/19 0:13,11.715,89.089,0.988
704,2/14/19 0:14,11.837,89.109,0.988
705,2/14/19 0:15,11.828,89.125,0.988
706,2/14/19 0:16,11.833,89.166,0.988
707,2/14/19 0:17,11.805,89.184,0.988
708,2/14/19 0:18,11.765,89.158,0.988
709,2/14/19 0:19,11.746,89.158,0.988
710,2/14/19 0:20,11.839,89.195,0.988
711,2/14/19 0:21,11.79,89.172,0.988
712,2/14/19 0:22,11.733,89.247,0.988
713,2/14/19 0:23,11.786,89.22,0.988
714,2/14/19 0:24,11.733,89.24,0.988
715,2/14/19 0:25,11.69,89.238,0.988
716,2/14/19 0:26,11.609,89.29,0.988
717,2/14/19 0:27,11.66,89.223,0.988
718,2/14/19 0:28,11.738,89.214,0.988
719,2/14/19 0:29,11.69,89.246,0.988
720,2/14/19 0:30,11.696,89.286,0.988
721,2/14/19 0:31,11.671,89.288,0.988
722,2/14/19 0:32,11.623,89.297,0.988
723,2/14/19 0:33,11.623,89.294,0.988
724,2/14/19 0:34,11.657,89.307,0.988
725,2/14/19 0:35,11.748,89.262,0.988
726,2/14/19 0:36,11.675,89.232,0.988
727,2/14/19 0:37,11.665,89.204,0.988
728,2/14/19 0:38,11.67,89.225,0.988
729,2/14/19 0:39,12.071,89.164,0.988
730,2/14/19 0:40,11.718,89.203,0.988
731,2/14/19 0:41,11.733,89.232,0.988
732,2/14/19 0:42,11.767,89.224,0.988
733,2/14/19 0:43,11.699,89.235,0.988
734,2/14/19 0:44,11.81,89.228,0.988
735,2/14/19 0:45,11.865,89.28,0.988
736,2/14/19 0:46,11.685,89.254,0.988
737,2/14/19 0:47,11.675,89.221,0.988
738,2/14/19 0:48,11.675,89.224,0.988
739,2/14/19 0:49,11.718,89.209,0.988
740,2/14/19 0:50,11.679,89.213,0.988
741,2/14/19 0:51,11.655,89.211,0.988
742,2/14/19 0:52,11.689,89.228,0.988
743,2/14/19 0:53,11.68,89.216,0.988
744,2/14/19 0:54,11.67,89.212,0.988
745,2/14/19 0:55,11.674,89.198,0.988
746,2/14/19 0:56,11.656,89.261,0.988
747,2/14/19 0:57,11.656,89.244,0.988
748,2/14/19 0:58,11.637,89.26,0.988
749,2/14/19 0:59,11.69,89.249,0.988
750,2/14/19 1:00,11.695,89.266,0.988
751,2/14/19 1:01,11.791,89.248,0.988
752,2/14/19 1:02,11.753,89.257,0.988
753,2/14/19 1:03,11.719,89.274,0.988
754,2/14/19 1:04,11.802,89.287,0.988
755,2/14/19 1:05,11.739,89.3,0.988
756,2/14/19 1:06,11.779,89.332,0.988
757,2/14/19 1:07,11.725,89.326,0.988
758,2/14/19 1:08,11.735,89.314,0.988
759,2/14/19 1:09,11.701,89.311,0.988
760,2/14/19 1:10,11.764,89.298,0.988
761,2/14/19 1:11,11.693,89.378,0.988
762,2/14/19 1:12,11.854,89.43,0.988
763,2/14/19 1:13,11.747,89.433,0.988
764,2/14/19 1:14,11.738,89.477,0.988
765,2/14/19 1:15,11.723,89.438,0.988
766,2/14/19 1:16,11.804,89.397,0.988
767,2/14/19 1:17,11.844,89.442,0.988
768,2/14/19 1:18,11.733,89.442,0.988
769,2/14/19 1:19,11.704,89.446,0.988
770,2/14/19 1:20,11.66,89.455,0.988
771,2/14/19 1:21,11.666,89.483,0.988
772,2/14/19 1:22,11.719,89.478,0.988
773,2/14/19 1:23,11.7,89.48,0.988
774,2/14/19 1:24,11.734,89.494,0.988
775,2/14/19 1:25,11.638,89.547,0.988
776,2/14/19 1:26,11.855,89.503,0.988
777,2/14/19 1:27,11.69,89.465,0.988
778,2/14/19 1:28,11.691,89.506,0.988
779,2/14/19 1:29,11.729,89.512,0.988
780,2/14/19 1:30,11.633,89.535,0.988
781,2/14/19 1:31,11.691,89.513,0.988
782,2/14/19 1:32,11.657,89.534,0.988
783,2/14/19 1:33,11.671,89.501,0.988
784,2/14/19 1:34,11.656,89.491,0.988
785,2/14/19 1:35,11.637,89.512,0.988
786,2/14/19 1:36,11.735,89.536,0.988
787,2/14/19 1:37,11.754,89.533,0.988
788,2/14/19 1:38,11.666,89.511,0.988
789,2/14/19 1:39,11.661,89.487,0.988
790,2/14/19 1:40,11.642,89.476,0.988
791,2/14/19 1:41,11.648,89.538,0.988
792,2/14/19 1:42,11.614,89.567,0.988
793,2/14/19 1:43,11.605,89.588,0.988
794,2/14/19 1:44,11.663,89.583,0.988
795,2/14/19 1:45,11.634,89.584,0.988
796,2/14/19 1:46,11.693,89.607,0.989
797,2/14/19 1:47,11.635,89.602,0.989
798,2/14/19 1:48,11.63,89.614,0.988
799,2/14/19 1:49,11.634,89.576,0.989
800,2/14/19 1:50,11.635,89.607,0.989
801,2/14/19 1:51,11.664,89.631,0.989
802,2/14/19 1:52,11.601,89.626,0.989
803,2/14/19 1:53,11.649,89.617,0.989
804,2/14/19 1:54,11.552,89.607,0.989
805,2/14/19 1:55,11.548,89.618,0.989
806,2/14/19 1:56,11.525,89.664,0.989
807,2/14/19 1:57,11.558,89.653,0.989
808,2/14/19 1:58,11.683,89.595,0.989
809,2/14/19 1:59,11.567,89.6,0.989
810,2/14/19 2:00,11.514,89.598,0.989
811,2/14/19 2:01,11.585,89.553,0.989
812,2/14/19 2:02,11.518,89.567,0.989
813,2/14/19 2:03,11.498,89.546,0.989
814,2/14/19 2:04,11.494,89.583,0.989
815,2/14/19 2:05,11.489,89.586,0.989
816,2/14/19 2:06,11.513,89.589,0.989
817,2/14/19 2:07,11.494,89.577,0.989
818,2/14/19 2:08,11.479,89.564,0.989
819,2/14/19 2:09,11.484,89.554,0.989
820,2/14/19 2:10,11.493,89.513,0.989
821,2/14/19 2:11,11.483,89.508,0.989
822,2/14/19 2:12,11.501,89.469,0.989
823,2/14/19 2:13,11.506,89.466,0.989
824,2/14/19 2:14,11.535,89.473,0.989
825,2/14/19 2:15,11.535,89.466,0.989
826,2/14/19 2:16,11.534,89.437,0.989
827,2/14/19 2:17,11.543,89.39,0.989
828,2/14/19 2:18,11.553,89.398,0.989
829,2/14/19 2:19,11.577,89.388,0.989
830,2/14/19 2:20,11.552,89.377,0.989
831,2/14/19 2:21,11.537,89.348,0.989
832,2/14/19 2:22,11.526,89.292,0.989
833,2/14/19 2:23,11.526,89.271,0.989
834,2/14/19 2:24,11.53,89.211,0.989
835,2/14/19 2:25,11.571,89.123,0.989
836,2/14/19 2:26,11.597,89.189,0.989
837,2/14/19 2:27,11.563,89.177,0.989
838,2/14/19 2:28,11.539,89.206,0.989
839,2/14/19 2:29,11.544,89.23,0.989
840,2/14/19 2:30,11.525,89.22,0.989
841,2/14/19 2:31,11.516,89.241,0.989
842,2/14/19 2:32,11.511,89.25,0.989
843,2/14/19 2:33,11.496,89.235,0.989
844,2/14/19 2:34,11.497,89.262,0.989
845,2/14/19 2:35,11.491,89.207,0.989
846,2/14/19 2:36,11.486,89.198,0.989
847,2/14/19 2:37,11.481,89.196,0.989
848,2/14/19 2:38,11.472,89.206,0.989
849,2/14/19 2:39,11.49,89.18,0.989
850,2/14/19 2:40,11.448,89.213,0.989
851,2/14/19 2:41,11.472,89.228,0.989
852,2/14/19 2:42,11.554,89.214,0.989
853,2/14/19 2:43,11.811,89.247,0.989
854,2/14/19 2:44,11.636,89.216,0.99
855,2/14/19 2:45,11.709,89.253,0.989
856,2/14/19 2:46,11.738,89.26,0.989
857,2/14/19 2:47,11.676,89.257,0.99
858,2/14/19 2:48,11.614,89.308,0.99
859,2/14/19 2:49,11.615,89.359,0.989
860,2/14/19 2:50,11.576,89.364,0.989
861,2/14/19 2:51,11.595,89.341,0.989
862,2/14/19 2:52,11.61,89.364,0.989
863,2/14/19 2:53,11.629,89.362,0.989
864,2/14/19 2:54,11.628,89.304,0.99
865,2/14/19 2:55,11.585,89.323,0.99
866,2/14/19 2:56,11.615,89.358,0.989
867,2/14/19 2:57,11.522,89.329,0.989
868,2/14/19 2:58,11.475,89.357,0.99
869,2/14/19 2:59,11.531,89.258,0.989
870,2/14/19 3:00,11.481,89.212,0.989
871,2/14/19 3:01,11.457,89.216,0.989
872,2/14/19 3:02,11.432,89.147,0.989
873,2/14/19 3:03,11.647,89.042,0.989
874,2/14/19 3:04,11.613,89.042,0.989
875,2/14/19 3:05,11.468,89.046,0.989
876,2/14/19 3:06,11.471,88.929,0.989
877,2/14/19 3:07,11.607,88.976,0.989
878,2/14/19 3:08,12.037,88.939,0.989
879,2/14/19 3:09,11.745,88.909,0.989
880,2/14/19 3:10,11.705,88.846,0.989
881,2/14/19 3:11,11.759,88.864,0.989
882,2/14/19 3:12,11.783,88.851,0.989
883,2/14/19 3:13,11.584,88.838,0.989
884,2/14/19 3:14,11.545,88.813,0.989
885,2/14/19 3:15,11.641,88.776,0.989
886,2/14/19 3:16,11.716,88.671,0.989
887,2/14/19 3:17,11.681,88.591,0.99
888,2/14/19 3:18,11.645,88.505,0.99
889,2/14/19 3:19,11.618,88.392,0.99
890,2/14/19 3:20,11.613,88.356,0.99
891,2/14/19 3:21,11.612,88.318,0.99
892,2/14/19 3:22,11.583,88.328,0.99
893,2/14/19 3:23,11.592,88.296,0.99
894,2/14/19 3:24,11.596,88.262,0.99
895,2/14/19 3:25,11.606,88.245,0.99
896,2/14/19 3:26,11.576,88.189,0.99
897,2/14/19 3:27,11.591,88.22,0.99
898,2/14/19 3:28,11.552,88.235,0.99
899,2/14/19 3:29,11.582,88.27,0.99
900,2/14/19 3:30,11.58,88.189,0.99
901,2/14/19 3:31,11.652,88.161,0.99
902,2/14/19 3:32,11.595,88.188,0.991
903,2/14/19 3:33,11.584,88.127,0.991
904,2/14/19 3:34,11.583,88.063,0.991
905,2/14/19 3:35,11.578,88.063,0.991
906,2/14/19 3:36,11.601,88.009,0.991
907,2/14/19 3:37,11.55,87.911,0.991
908,2/14/19 3:38,11.566,87.948,0.991
909,2/14/19 3:39,11.677,87.974,0.991
910,2/14/19 3:40,11.664,87.817,0.991
911,2/14/19 3:41,11.569,87.887,0.991
912,2/14/19 3:42,11.583,87.878,0.991
913,2/14/19 3:43,11.587,87.84,0.991
914,2/14/19 3:44,11.55,87.908,0.991
915,2/14/19 3:45,11.57,87.934,0.991
916,2/14/19 3:46,11.545,87.882,0.991
917,2/14/19 3:47,11.571,87.755,0.991
918,2/14/19 3:48,11.581,87.764,0.991
919,2/14/19 3:49,11.649,87.807,0.991
920,2/14/19 3:50,11.591,87.788,0.991
921,2/14/19 3:51,11.562,87.797,0.991
922,2/14/19 3:52,11.562,87.759,0.991
923,2/14/19 3:53,11.589,87.692,0.991
924,2/14/19 3:54,11.594,87.674,0.991
925,2/14/19 3:55,11.531,87.659,0.991
926,2/14/19 3:56,11.584,87.682,0.991
927,2/14/19 3:57,11.603,87.675,0.991
928,2/14/19 3:58,11.474,87.501,0.991
929,2/14/19 3:59,11.59,87.515,0.991
930,2/14/19 4:00,11.6,87.5,0.991
931,2/14/19 4:01,11.595,87.518,0.991
932,2/14/19 4:02,11.579,87.444,0.991
933,2/14/19 4:03,11.565,87.449,0.991
934,2/14/19 4:04,11.642,87.469,0.991
935,2/14/19 4:05,11.526,87.449,0.991
936,2/14/19 4:06,11.502,87.426,0.991
937,2/14/19 4:07,11.631,87.375,0.991
938,2/14/19 4:08,11.632,87.44,0.991
939,2/14/19 4:09,11.555,87.427,0.991
940,2/14/19 4:10,11.563,87.385,0.991
941,2/14/19 4:11,11.477,87.383,0.991
942,2/14/19 4:12,11.53,87.385,0.991
943,2/14/19 4:13,11.663,87.332,0.992
944,2/14/19 4:14,11.658,87.302,0.992
945,2/14/19 4:15,11.639,87.303,0.992
946,2/14/19 4:16,11.696,87.278,0.992
947,2/14/19 4:17,11.668,87.297,0.991
948,2/14/19 4:18,11.557,87.314,0.991
949,2/14/19 4:19,11.576,87.281,0.991
950,2/14/19 4:20,11.542,87.273,0.991
951,2/14/19 4:21,11.667,87.281,0.992
952,2/14/19 4:22,11.657,87.252,0.992
953,2/14/19 4:23,11.642,87.247,0.992
954,2/14/19 4:24,11.594,87.236,0.992
955,2/14/19 4:25,11.666,87.238,0.992
956,2/14/19 4:26,11.55,87.197,0.992
957,2/14/19 4:27,11.674,87.145,0.992
958,2/14/19 4:28,11.636,87.167,0.992
959,2/14/19 4:29,11.54,87.18,0.992
960,2/14/19 4:30,11.65,87.14,0.992
961,2/14/19 4:31,11.66,87.155,0.992
962,2/14/19 4:32,11.625,87.112,0.992
963,2/14/19 4:33,11.668,87.078,0.992
964,2/14/19 4:34,11.563,87.119,0.992
965,2/14/19 4:35,11.582,87.146,0.992
966,2/14/19 4:36,11.6,87.088,0.992
967,2/14/19 4:37,11.562,87.091,0.992
968,2/14/19 4:38,11.509,87.07,0.992
969,2/14/19 4:39,11.561,87.047,0.992
970,2/14/19 4:40,11.513,87.052,0.992
971,2/14/19 4:41,11.547,87.06,0.992
972,2/14/19 4:42,11.476,87.107,0.992
973,2/14/19 4:43,11.49,87.085,0.992
974,2/14/19 4:44,11.513,87.05,0.992
975,2/14/19 4:45,11.523,87.078,0.992
976,2/14/19 4:46,11.451,87.097,0.992
977,2/14/19 4:47,11.473,86.996,0.993
978,2/14/19 4:48,11.47,87.043,0.993
979,2/14/19 4:49,11.417,87.047,0.993
980,2/14/19 4:50,11.383,87.068,0.993
981,2/14/19 4:51,11.479,87.043,0.993
982,2/14/19 4:52,11.33,87.055,0.993
983,2/14/19 4:53,11.488,86.99,0.993
984,2/14/19 4:54,11.377,86.997,0.993
985,2/14/19 4:55,11.417,87.047,0.993
986,2/14/19 4:56,11.335,87.053,0.993
987,2/14/19 4:57,11.339,87.016,0.993
988,2/14/19 4:58,11.397,87.028,0.993
989,2/14/19 4:59,11.402,87.009,0.993
990,2/14/19 5:00,11.425,87.002,0.993
991,2/14/19 5:01,11.262,86.991,0.993
992,2/14/19 5:02,11.319,86.977,0.993
993,2/14/19 5:03,11.296,87.011,0.993
994,2/14/19 5:04,11.286,87.018,0.993
995,2/14/19 5:05,11.296,87.032,0.993
996,2/14/19 5:06,11.202,87.104,0.993
997,2/14/19 5:07,11.23,87.077,0.993
998,2/14/19 5:08,11.182,87.083,0.993
999,2/14/19 5:09,11.283,87.079,0.993
1000,2/14/19 5:10,11.22,87.05,0.993
1001,2/14/19 5:11,11.211,87.094,0.993
1002,2/14/19 5:12,11.208,87.178,0.993
1003,2/14/19 5:13,11.092,87.141,0.993
1004,2/14/19 5:14,11.092,87.145,0.993
1005,2/14/19 5:15,11.082,87.101,0.993
1006,2/14/19 5:16,11.12,87.12,0.993
1007,2/14/19 5:17,11.131,87.167,0.993
1008,2/14/19 5:18,11.13,87.123,0.993
1009,2/14/19 5:19,11.106,87.124,0.993
1010,2/14/19 5:20,11.121,87.139,0.993
1011,2/14/19 5:21,11.064,87.151,0.993
1012,2/14/19 5:22,11.054,87.142,0.993
1013,2/14/19 5:23,11.049,87.129,0.993
1014,2/14/19 5:24,11.045,87.178,0.993
1015,2/14/19 5:25,11.055,87.194,0.993
1016,2/14/19 5:26,11.04,87.162,0.993
1017,2/14/19 5:27,11.016,87.17,0.993
1018,2/14/19 5:28,11.026,87.202,0.993
1019,2/14/19 5:29,11.04,87.154,0.993
1020,2/14/19 5:30,11.002,87.163,0.993
1021,2/14/19 5:31,10.983,87.212,0.993
1022,2/14/19 5:32,11.045,87.174,0.993
1023,2/14/19 5:33,11.041,87.238,0.993
1024,2/14/19 5:34,10.965,87.262,0.993
1025,2/14/19 5:35,10.989,87.237,0.993
1026,2/14/19 5:36,10.944,87.179,0.993
1027,2/14/19 5:37,10.925,87.173,0.993
1028,2/14/19 5:38,10.994,87.016,0.994
1029,2/14/19 5:39,10.957,87.071,0.994
1030,2/14/19 5:40,10.925,87.164,0.993
1031,2/14/19 5:41,10.947,87.088,0.994
1032,2/14/19 5:42,10.922,87.043,0.994
1033,2/14/19 5:43,10.919,87.087,0.994
1034,2/14/19 5:44,10.909,87.081,0.994
1035,2/14/19 5:45,10.885,87.065,0.994
1036,2/14/19 5:46,10.933,87.103,0.994
1037,2/14/19 5:47,10.919,87.129,0.994
1038,2/14/19 5:48,10.895,87.113,0.994
1039,2/14/19 5:49,10.91,87.138,0.994
1040,2/14/19 5:50,10.914,87.117,0.994
1041,2/14/19 5:51,10.889,87.053,0.994
1042,2/14/19 5:52,10.876,87.131,0.994
1043,2/14/19 5:53,10.88,87.064,0.994
1044,2/14/19 5:54,10.88,87.088,0.994
1045,2/14/19 5:55,10.86,87.02,0.994
1046,2/14/19 5:56,10.923,87.085,0.994
1047,2/14/19 5:57,10.832,87.054,0.994
1048,2/14/19 5:58,10.876,87.094,0.994
1049,2/14/19 5:59,10.82,87.182,0.994
1050,2/14/19 6:00,10.81,87.149,0.994
1051,2/14/19 6:01,10.766,87.122,0.994
1052,2/14/19 6:02,10.804,87.095,0.994
1053,2/14/19 6:03,10.757,87.143,0.994
1054,2/14/19 6:04,10.743,87.179,0.994
1055,2/14/19 6:05,10.731,87.057,0.994
1056,2/14/19 6:06,10.77,87.096,0.994
1057,2/14/19 6:07,10.732,87.079,0.994
1058,2/14/19 6:08,10.756,87.081,0.994
1059,2/14/19 6:09,10.862,87.151,0.994
1060,2/14/19 6:10,10.801,86.931,0.994
1061,2/14/19 6:11,10.799,86.832,0.994
1062,2/14/19 6:12,10.847,86.861,0.994
1063,2/14/19 6:13,10.82,86.956,0.994
1064,2/14/19 6:14,10.787,86.974,0.994
1065,2/14/19 6:15,10.797,87.01,0.994
1066,2/14/19 6:16,10.801,86.952,0.994
1067,2/14/19 6:17,10.759,87.019,0.994
1068,2/14/19 6:18,10.793,87.007,0.994
1069,2/14/19 6:19,10.811,86.952,0.994
1070,2/14/19 6:20,10.842,86.849,0.994
1071,2/14/19 6:21,10.824,86.92,0.994
1072,2/14/19 6:22,10.837,86.858,0.994
1073,2/14/19 6:23,10.829,86.915,0.994
1074,2/14/19 6:24,10.802,86.988,0.994
1075,2/14/19 6:25,10.791,86.904,0.994
1076,2/14/19 6:26,10.786,86.934,0.994
1077,2/14/19 6:27,10.777,86.919,0.994
1078,2/14/19 6:28,10.807,87.027,0.994
1079,2/14/19 6:29,10.804,87.105,0.994
1080,2/14/19 6:30,10.795,87.147,0.994
1081,2/14/19 6:31,10.728,87.145,0.994
1082,2/14/19 6:32,10.724,87.165,0.994
1083,2/14/19 6:33,10.696,87.177,0.994
1084,2/14/19 6:34,10.677,87.224,0.994
1085,2/14/19 6:35,10.677,87.206,0.994
1086,2/14/19 6:36,10.639,87.216,0.994
1087,2/14/19 6:37,10.668,87.226,0.994
1088,2/14/19 6:38,10.649,87.216,0.994
1089,2/14/19 6:39,10.638,87.179,0.994
1090,2/14/19 6:40,10.652,87.146,0.994
1091,2/14/19 6:41,10.657,87.158,0.994
1092,2/14/19 6:42,10.647,87.147,0.994
1093,2/14/19 6:43,10.643,87.157,0.994
1094,2/14/19 6:44,10.657,87.159,0.994
1095,2/14/19 6:45,10.657,87.153,0.994
1096,2/14/19 6:46,10.652,87.132,0.994
1097,2/14/19 6:47,10.642,87.12,0.994
1098,2/14/19 6:48,10.651,87.078,0.994
1099,2/14/19 6:49,10.669,87.051,0.994
1100,2/14/19 6:50,10.679,87.038,0.994
1101,2/14/19 6:51,10.693,87.038,0.994
1102,2/14/19 6:52,10.688,87.043,0.994
1103,2/14/19 6:53,10.659,87.029,0.994
1104,2/14/19 6:54,10.693,87.02,0.994
1105,2/14/19 6:55,10.715,86.969,0.994
1106,2/14/19 6:56,10.711,87.006,0.994
1107,2/14/19 6:57,10.702,87.005,0.994
1108,2/14/19 6:58,10.692,86.988,0.994
1109,2/14/19 6:59,10.711,87.006,0.994
1110,2/14/19 7:00,10.707,87.025,0.994
1111,2/14/19 7:01,10.721,87.029,0.994
1112,2/14/19 7:02,10.717,87.037,0.994
1113,2/14/19 7:03,10.717,87.044,0.994
1114,2/14/19 7:04,10.712,87.04,0.994
1115,2/14/19 7:05,10.707,87.042,0.994
1116,2/14/19 7:06,10.703,87.047,0.994
1117,2/14/19 7:07,10.721,87.025,0.994
1118,2/14/19 7:08,10.706,86.987,0.995
1119,2/14/19 7:09,10.745,87.01,0.995
1120,2/14/19 7:10,10.731,87.011,0.995
1121,2/14/19 7:11,10.727,87.064,0.995
1122,2/14/19 7:12,10.722,87.079,0.995
1123,2/14/19 7:13,10.737,87.078,0.995
1124,2/14/19 7:14,10.737,87.096,0.995
1125,2/14/19 7:15,10.736,87.052,0.995
1126,2/14/19 7:16,10.741,87.03,0.995
1127,2/14/19 7:17,10.761,87.081,0.995
1128,2/14/19 7:18,10.751,87.082,0.995
1129,2/14/19 7:19,10.741,87.051,0.995
1130,2/14/19 7:20,10.771,87.121,0.995
1131,2/14/19 7:21,10.757,87.146,0.995
1132,2/14/19 7:22,10.762,87.145,0.995
1133,2/14/19 7:23,10.768,87.189,0.995
1134,2/14/19 7:24,10.744,87.218,0.995
1135,2/14/19 7:25,10.754,87.248,0.995
1136,2/14/19 7:26,10.731,87.271,0.995
1137,2/14/19 7:27,10.75,87.257,0.995
1138,2/14/19 7:28,10.746,87.297,0.995
1139,2/14/19 7:29,10.741,87.302,0.995
1140,2/14/19 7:30,10.759,87.238,0.995
1141,2/14/19 7:31,10.774,87.288,0.995
1142,2/14/19 7:32,10.765,87.323,0.995
1143,2/14/19 7:33,10.776,87.363,0.995
1144,2/14/19 7:34,10.762,87.379,0.995
1145,2/14/19 7:35,10.762,87.41,0.995
1146,2/14/19 7:36,10.753,87.443,0.995
1147,2/14/19 7:37,10.744,87.466,0.994
1148,2/14/19 7:38,10.73,87.462,0.994
1149,2/14/19 7:39,10.743,87.417,0.995
1150,2/14/19 7:40,10.828,87.347,0.995
1151,2/14/19 7:41,10.841,87.508,0.995
1152,2/14/19 7:42,10.826,87.47,0.995
1153,2/14/19 7:43,10.85,87.481,0.995
1154,2/14/19 7:44,10.81,87.418,0.995
1155,2/14/19 7:45,10.877,87.41,0.995
1156,2/14/19 7:46,10.845,87.494,0.995
1157,2/14/19 7:47,10.874,87.514,0.995
1158,2/14/19 7:48,10.832,87.533,0.995
1159,2/14/19 7:49,10.866,87.552,0.995
1160,2/14/19 7:50,10.833,87.611,0.995
1161,2/14/19 7:51,10.819,87.623,0.995
1162,2/14/19 7:52,10.881,87.627,0.995
1163,2/14/19 7:53,10.802,87.704,0.995
1164,2/14/19 7:54,10.793,87.741,0.995
1165,2/14/19 7:55,10.825,87.698,0.995
1166,2/14/19 7:56,10.865,87.759,0.995
1167,2/14/19 7:57,10.811,87.68,0.995
1168,2/14/19 7:58,10.836,87.736,0.995
1169,2/14/19 7:59,10.895,87.809,0.995
1170,2/14/19 8:00,10.852,87.84,0.995
1171,2/14/19 8:01,10.804,87.817,0.995
1172,2/14/19 8:02,10.789,87.814,0.995
1173,2/14/19 8:03,10.833,87.841,0.995
1174,2/14/19 8:04,10.796,87.892,0.995
1175,2/14/19 8:05,10.892,87.909,0.995
1176,2/14/19 8:06,10.883,87.946,0.995
1177,2/14/19 8:07,10.919,87.84,0.995
1178,2/14/19 8:08,10.924,87.856,0.995
1179,2/14/19 8:09,10.941,87.943,0.995
1180,2/14/19 8:10,10.928,87.813,0.994
1181,2/14/19 8:11,10.925,87.887,0.995
1182,2/14/19 8:12,10.897,87.936,0.995
1183,2/14/19 8:13,10.876,87.828,0.995
1184,2/14/19 8:14,10.891,87.876,0.995
1185,2/14/19 8:15,10.873,87.937,0.995
1186,2/14/19 8:16,10.897,87.907,0.995
1187,2/14/19 8:17,10.874,87.975,0.995
1188,2/14/19 8:18,10.879,87.975,0.995
1189,2/14/19 8:19,10.878,87.957,0.995
1190,2/14/19 8:20,10.893,87.974,0.995
1191,2/14/19 8:21,10.926,87.95,0.995
1192,2/14/19 8:22,10.931,87.967,0.995
1193,2/14/19 8:23,10.964,87.94,0.995
1194,2/14/19 8:24,11.057,88.004,0.995
1195,2/14/19 8:25,10.966,88.016,0.995
1196,2/14/19 8:26,10.997,87.871,0.995
1197,2/14/19 8:27,11.037,87.993,0.995
1198,2/14/19 8:28,11.138,87.987,0.995
1199,2/14/19 8:29,11.159,88.061,0.994
1200,2/14/19 8:30,11.115,88.051,0.995
1201,2/14/19 8:31,11.097,88.087,0.994
1202,2/14/19 8:32,11.087,88.061,0.994
1203,2/14/19 8:33,11.125,88.063,0.994
1204,2/14/19 8:34,11.101,88.059,0.994
1205,2/14/19 8:35,11.149,88.051,0.994
1206,2/14/19 8:36,11.141,88.104,0.994
1207,2/14/19 8:37,11.15,88.111,0.994
1208,2/14/19 8:38,11.159,88.087,0.994
1209,2/14/19 8:39,11.174,88.096,0.994
1210,2/14/19 8:40,11.222,88.11,0.994
1211,2/14/19 8:41,11.174,88.103,0.994
1212,2/14/19 8:42,11.18,88.149,0.994
1213,2/14/19 8:43,11.193,88.102,0.994
1214,2/14/19 8:44,11.275,88.107,0.994
1215,2/14/19 8:45,11.207,88.08,0.994
1216,2/14/19 8:46,11.208,88.128,0.994
1217,2/14/19 8:47,11.296,88.16,0.994
1218,2/14/19 8:48,11.286,88.164,0.994
1219,2/14/19 8:49,11.253,88.19,0.994
1220,2/14/19 8:50,11.238,88.172,0.994
1221,2/14/19 8:51,11.359,88.19,0.994
1222,2/14/19 8:52,11.412,88.216,0.994
1223,2/14/19 8:53,11.291,88.183,0.994
1224,2/14/19 8:54,11.321,88.21,0.994
1225,2/14/19 8:55,11.412,88.206,0.994
1226,2/14/19 8:56,11.278,88.221,0.994
1227,2/14/19 8:57,11.283,88.246,0.994
1228,2/14/19 8:58,11.288,88.254,0.995
1229,2/14/19 8:59,11.249,88.26,0.994
1230,2/14/19 9:00,11.245,88.274,0.995
1231,2/14/19 9:01,11.231,88.296,0.994
1232,2/14/19 9:02,11.197,88.279,0.994
1233,2/14/19 9:03,11.187,88.285,0.994
1234,2/14/19 9:04,11.173,88.28,0.995
1235,2/14/19 9:05,11.177,88.26,0.995
1236,2/14/19 9:06,11.125,88.295,0.995
1237,2/14/19 9:07,11.183,88.297,0.995
1238,2/14/19 9:08,11.131,88.319,0.995
1239,2/14/19 9:09,11.125,88.276,0.995
1240,2/14/19 9:10,11.092,88.313,0.995
1241,2/14/19 9:11,11.088,88.333,0.995
1242,2/14/19 9:12,11.059,88.336,0.995
1243,2/14/19 9:13,11.093,88.342,0.995
1244,2/14/19 9:14,11.044,88.332,0.995
1245,2/14/19 9:15,11.069,88.363,0.995
1246,2/14/19 9:16,11.065,88.411,0.995
1247,2/14/19 9:17,11.05,88.39,0.995
1248,2/14/19 9:18,11.036,88.391,0.995
1249,2/14/19 9:19,11.065,88.41,0.995
1250,2/14/19 9:20,11.084,88.396,0.995
1251,2/14/19 9:21,11.051,88.408,0.995
1252,2/14/19 9:22,11.108,88.407,0.995
1253,2/14/19 9:23,11.094,88.398,0.995
1254,2/14/19 9:24,11.084,88.399,0.995
1255,2/14/19 9:25,11.041,88.399,0.995
1256,2/14/19 9:26,11.046,88.42,0.995
1257,2/14/19 9:27,11.012,88.396,0.995
1258,2/14/19 9:28,11.033,88.472,0.995
1259,2/14/19 9:29,11.104,88.449,0.995
1260,2/14/19 9:30,11.037,88.442,0.995
1261,2/14/19 9:31,11.071,88.456,0.995
1262,2/14/19 9:32,11.004,88.484,0.995
1263,2/14/19 9:33,11.009,88.471,0.995
1264,2/14/19 9:34,11.014,88.482,0.995
1265,2/14/19 9:35,11.057,88.497,0.995
1266,2/14/19 9:36,11.068,88.533,0.995
1267,2/14/19 9:37,11.111,88.531,0.995
1268,2/14/19 9:38,10.986,88.51,0.995
1269,2/14/19 9:39,11.033,88.483,0.995
1270,2/14/19 9:40,11.018,88.454,0.995
1271,2/14/19 9:41,11.029,88.519,0.995
1272,2/14/19 9:42,10.976,88.51,0.995
1273,2/14/19 9:43,11.047,88.486,0.995
1274,2/14/19 9:44,11.019,88.495,0.995
1275,2/14/19 9:45,11.072,88.492,0.995
1276,2/14/19 9:46,11.034,88.519,0.995
1277,2/14/19 9:47,10.971,88.52,0.995
1278,2/14/19 9:48,11.024,88.516,0.995
1279,2/14/19 9:49,10.985,88.494,0.995
1280,2/14/19 9:50,10.967,88.553,0.995
1281,2/14/19 9:51,10.972,88.554,0.995
1282,2/14/19 9:52,10.981,88.531,0.995
1283,2/14/19 9:53,10.958,88.554,0.995
1284,2/14/19 9:54,11.029,88.519,0.995
1285,2/14/19 9:55,11,88.526,0.995
1286,2/14/19 9:56,10.987,88.568,0.995
1287,2/14/19 9:57,10.967,88.556,0.995
1288,2/14/19 9:58,10.963,88.602,0.995
1289,2/14/19 9:59,10.969,88.62,0.995
1290,2/14/19 10:00,11.012,88.644,0.995
1291,2/14/19 10:01,11.007,88.6,0.995
1292,2/14/19 10:02,10.959,88.647,0.994
1293,2/14/19 10:03,10.94,88.648,0.994
1294,2/14/19 10:04,10.854,88.653,0.994
1295,2/14/19 10:05,10.872,88.595,0.994
1296,2/14/19 10:06,10.881,88.566,0.994
1297,2/14/19 10:07,10.895,88.56,0.994
1298,2/14/19 10:08,10.895,88.568,0.994
1299,2/14/19 10:09,10.954,88.595,0.994
1300,2/14/19 10:10,10.939,88.607,0.994
1301,2/14/19 10:11,10.935,88.646,0.994
1302,2/14/19 10:12,10.931,88.643,0.994
1303,2/14/19 10:13,10.979,88.653,0.994
1304,2/14/19 10:14,10.987,88.581,0.994
1305,2/14/19 10:15,11.002,88.601,0.994
1306,2/14/19 10:16,11.176,88.666,0.994
1307,2/14/19 10:17,11.177,88.695,0.994
1308,2/14/19 10:18,11.346,88.727,0.994
1309,2/14/19 10:19,11.115,88.478,0.994
1310,2/14/19 10:20,11.03,88.597,0.994
1311,2/14/19 10:21,10.959,88.635,0.994
1312,2/14/19 10:22,10.973,88.627,0.994
1313,2/14/19 10:23,10.97,88.694,0.994
1314,2/14/19 10:24,10.931,88.666,0.994
1315,2/14/19 10:25,10.904,88.73,0.994
1316,2/14/19 10:26,10.936,88.675,0.994
1317,2/14/19 10:27,10.931,88.678,0.994
1318,2/14/19 10:28,10.923,88.724,0.994
1319,2/14/19 10:29,10.885,88.745,0.994
1320,2/14/19 10:30,10.928,88.741,0.994
1321,2/14/19 10:31,10.994,88.705,0.994
1322,2/14/19 10:32,11.047,88.726,0.994
1323,2/14/19 10:33,10.889,88.703,0.994
1324,2/14/19 10:34,10.952,88.733,0.994
1325,2/14/19 10:35,11.016,88.809,0.994
1326,2/14/19 10:36,10.915,88.819,0.994
1327,2/14/19 10:37,10.919,88.775,0.994
1328,2/14/19 10:38,11.024,88.759,0.994
1329,2/14/19 10:39,10.976,88.755,0.994
1330,2/14/19 10:40,10.976,88.732,0.994
1331,2/14/19 10:41,10.899,88.734,0.994
1332,2/14/19 10:42,10.908,88.736,0.994
1333,2/14/19 10:43,10.895,88.758,0.994
1334,2/14/19 10:44,10.889,88.732,0.994
1335,2/14/19 10:45,10.885,88.759,0.995
1336,2/14/19 10:46,10.899,88.747,0.995
1337,2/14/19 10:47,10.943,88.769,0.995
1338,2/14/19 10:48,10.899,88.747,0.994
1339,2/14/19 10:49,10.889,88.731,0.994
1340,2/14/19 10:50,10.966,88.741,0.994
1341,2/14/19 10:51,10.933,88.742,0.994
1342,2/14/19 10:52,10.929,88.812,0.994
1343,2/14/19 10:53,10.934,88.834,0.994
1344,2/14/19 10:54,10.93,88.843,0.994
1345,2/14/19 10:55,11.064,88.852,0.994
1346,2/14/19 10:56,11.06,88.853,0.994
1347,2/14/19 10:57,10.968,88.831,0.994
1348,2/14/19 10:58,10.963,88.817,0.994
1349,2/14/19 10:59,11.04,88.806,0.994
1350,2/14/19 11:00,10.958,88.821,0.994
1351,2/14/19 11:01,10.944,88.829,0.994
1352,2/14/19 11:02,11.001,88.783,0.994
1353,2/14/19 11:03,11.005,88.743,0.994
1354,2/14/19 11:04,10.987,88.818,0.994
1355,2/14/19 11:05,10.972,88.816,0.994
1356,2/14/19 11:06,10.945,88.874,0.994
1357,2/14/19 11:07,10.939,88.83,0.994
1358,2/14/19 11:08,10.996,88.815,0.994
1359,2/14/19 11:09,11.012,88.866,0.994
1360,2/14/19 11:10,10.93,88.873,0.994
1361,2/14/19 11:11,11.032,88.92,0.994
1362,2/14/19 11:12,10.974,88.875,0.994
1363,2/14/19 11:13,11.026,88.857,0.994
1364,2/14/19 11:14,10.988,88.89,0.994
1365,2/14/19 11:15,10.95,88.893,0.994
1366,2/14/19 11:16,11.003,88.898,0.994
1367,2/14/19 11:17,10.941,88.907,0.994
1368,2/14/19 11:18,10.893,88.919,0.994
1369,2/14/19 11:19,10.898,88.952,0.994
1370,2/14/19 11:20,10.894,88.953,0.994
1371,2/14/19 11:21,10.94,88.853,0.994
1372,2/14/19 11:22,10.921,88.869,0.994
1373,2/14/19 11:23,10.906,88.867,0.994
1374,2/14/19 11:24,10.906,88.862,0.994
1375,2/14/19 11:25,10.911,88.876,0.994
1376,2/14/19 11:26,10.897,88.872,0.994
1377,2/14/19 11:27,10.914,88.759,0.994
1378,2/14/19 11:28,11.043,88.754,0.994
1379,2/14/19 11:29,11.068,88.772,0.994
1380,2/14/19 11:30,10.997,88.834,0.994
1381,2/14/19 11:31,11.04,88.808,0.994
1382,2/14/19 11:32,11.007,88.847,0.994
1383,2/14/19 11:33,11.017,88.875,0.994
1384,2/14/19 11:34,10.959,88.883,0.994
1385,2/14/19 11:35,11.003,88.9,0.994
1386,2/14/19 11:36,11.018,88.923,0.994
1387,2/14/19 11:37,10.956,88.968,0.994
1388,2/14/19 11:38,10.97,88.932,0.994
1389,2/14/19 11:39,11.005,89.004,0.994
1390,2/14/19 11:40,10.962,89.033,0.994
1391,2/14/19 11:41,10.961,88.966,0.994
1392,2/14/19 11:42,11.005,88.99,0.994
1393,2/14/19 11:43,10.99,88.973,0.994
1394,2/14/19 11:44,10.99,88.974,0.994
1395,2/14/19 11:45,10.951,88.94,0.994
1396,2/14/19 11:46,11.005,88.979,0.994
1397,2/14/19 11:47,10.923,88.998,0.994
1398,2/14/19 11:48,11.043,88.988,0.994
1399,2/14/19 11:49,10.971,88.995,0.994
1400,2/14/19 11:50,10.938,89.029,0.994
1401,2/14/19 11:51,10.963,89.051,0.994
1402,2/14/19 11:52,10.911,89.112,0.994
1403,2/14/19 11:53,10.979,89.146,0.994
1404,2/14/19 11:54,10.931,89.148,0.994
1405,2/14/19 11:55,10.939,89.071,0.994
1406,2/14/19 11:56,10.949,89.08,0.994
1407,2/14/19 11:57,10.988,89.09,0.994
1408,2/14/19 11:58,11.065,89.104,0.994
1409,2/14/19 11:59,10.988,89.1,0.994
1410,2/14/19 12:00,10.989,89.155,0.994
1411,2/14/19 12:01,11.032,89.123,0.994
1412,2/14/19 12:02,11.027,89.125,0.994
1413,2/14/19 12:03,11.018,89.162,0.994
1414,2/14/19 12:04,10.979,89.145,0.994
1415,2/14/19 12:05,10.999,89.191,0.994
1416,2/14/19 12:06,10.952,89.207,0.994
1417,2/14/19 12:07,10.994,89.186,0.994
1418,2/14/19 12:08,11.134,89.178,0.994
1419,2/14/19 12:09,11.013,89.134,0.994
1420,2/14/19 12:10,10.992,89.091,0.994
1421,2/14/19 12:11,10.974,89.111,0.994
1422,2/14/19 12:12,10.993,89.104,0.994
1423,2/14/19 12:13,11.011,89.046,0.993
1424,2/14/19 12:14,11.03,89.053,0.994
1425,2/14/19 12:15,11.01,89.002,0.993
1426,2/14/19 12:16,11.05,89.069,0.994
1427,2/14/19 12:17,11.147,89.13,0.993
1428,2/14/19 12:18,11.08,89.127,0.993
1429,2/14/19 12:19,11.108,89.1,0.994
1430,2/14/19 12:20,11.07,89.111,0.994
1431,2/14/19 12:21,11.074,89.105,0.994
1432,2/14/19 12:22,11.047,89.155,0.993
1433,2/14/19 12:23,11.07,89.144,0.993
1434,2/14/19 12:24,11.047,89.164,0.993
1435,2/14/19 12:25,11.075,89.152,0.993
1436,2/14/19 12:26,11.07,89.138,0.993
1437,2/14/19 12:27,11.171,89.118,0.993
1438,2/14/19 12:28,11.133,89.159,0.993
1439,2/14/19 12:29,11.128,89.153,0.993
1440,2/14/19 12:30,11.08,89.122,0.993
1441,2/14/19 12:31,11.104,89.123,0.993
1442,2/14/19 12:32,11.089,89.12,0.993
1443,2/14/19 12:33,11.104,89.15,0.993
1444,2/14/19 12:34,11.075,89.139,0.993
1445,2/14/19 12:35,11.104,89.139,0.993
1446,2/14/19 12:36,11.113,89.096,0.993
1447,2/14/19 12:37,11.146,89.084,0.993
1448,2/14/19 12:38,11.181,89.118,0.993
1449,2/14/19 12:39,11.137,89.13,0.993
1450,2/14/19 12:40,11.2,89.145,0.993
1451,2/14/19 12:41,11.115,89.207,0.993
1452,2/14/19 12:42,11.034,89.234,0.993
1453,2/14/19 12:43,11.038,89.223,0.993
1454,2/14/19 12:44,11.027,89.147,0.993
1455,2/14/19 12:45,11.023,89.171,0.993
1456,2/14/19 12:46,11.013,89.162,0.993
1457,2/14/19 12:47,11.022,89.122,0.993
1458,2/14/19 12:48,11.013,89.154,0.993
1459,2/14/19 12:49,11.017,89.116,0.993
1460,2/14/19 12:50,11.026,89.104,0.993
1461,2/14/19 12:51,11.027,89.113,0.993
1462,2/14/19 12:52,11.026,89.091,0.993
1463,2/14/19 12:53,11.026,89.088,0.993
1464,2/14/19 12:54,11.036,89.086,0.993
1465,2/14/19 12:55,11.003,89.119,0.993
1466,2/14/19 12:56,11.012,89.126,0.993
1467,2/14/19 12:57,11.031,89.11,0.993
1468,2/14/19 12:58,11.031,89.116,0.993
1469,2/14/19 12:59,11.051,89.136,0.993
1470,2/14/19 13:00,11.07,89.136,0.993
1471,2/14/19 13:01,11.061,89.163,0.993
1472,2/14/19 13:02,11.066,89.18,0.993
1473,2/14/19 13:03,11.076,89.166,0.993
1474,2/14/19 13:04,11.086,89.195,0.993
1475,2/14/19 13:05,11.096,89.2,0.993
1476,2/14/19 13:06,11.087,89.232,0.993
1477,2/14/19 13:07,11.068,89.25,0.993
1478,2/14/19 13:08,11.091,89.232,0.993
1479,2/14/19 13:09,11.073,89.265,0.993
1480,2/14/19 13:10,11.073,89.29,0.993
1481,2/14/19 13:11,11.05,89.344,0.993
1482,2/14/19 13:12,11.042,89.392,0.993
1483,2/14/19 13:13,11.044,89.27,0.993
1484,2/14/19 13:14,11.041,89.339,0.993
1485,2/14/19 13:15,11.004,89.442,0.993
1486,2/14/19 13:16,11.018,89.392,0.993
1487,2/14/19 13:17,11.008,89.406,0.993
1488,2/14/19 13:18,11.014,89.433,0.993
1489,2/14/19 13:19,11.01,89.463,0.993
1490,2/14/19 13:20,11.053,89.463,0.993
1491,2/14/19 13:21,11.058,89.474,0.993
1492,2/14/19 13:22,11.062,89.451,0.993
1493,2/14/19 13:23,11.082,89.496,0.993
1494,2/14/19 13:24,11.102,89.505,0.993
1495,2/14/19 13:25,11.102,89.537,0.993
1496,2/14/19 13:26,11.098,89.543,0.993
1497,2/14/19 13:27,11.135,89.502,0.993
1498,2/14/19 13:28,11.171,89.588,0.993
1499,2/14/19 13:29,11.232,89.528,0.993
1500,2/14/19 13:30,11.267,89.586,0.993
1501,2/14/19 13:31,11.282,89.595,0.993
1502,2/14/19 13:32,11.315,89.587,0.993
1503,2/14/19 13:33,11.331,89.628,0.993
1504,2/14/19 13:34,11.361,89.452,0.993
1505,2/14/19 13:35,11.373,89.567,0.993
1506,2/14/19 13:36,11.392,89.562,0.993
1507,2/14/19 13:37,11.379,89.629,0.993
1508,2/14/19 13:38,11.392,89.553,0.993
1509,2/14/19 13:39,11.388,89.591,0.993
1510,2/14/19 13:40,11.402,89.593,0.993
1511,2/14/19 13:41,11.406,89.515,0.993
1512,2/14/19 13:42,11.415,89.511,0.993
1513,2/14/19 13:43,11.437,89.402,0.993
1514,2/14/19 13:44,11.463,89.469,0.993
1515,2/14/19 13:45,11.481,89.408,0.993
1516,2/14/19 13:46,11.476,89.403,0.993
1517,2/14/19 13:47,11.495,89.386,0.993
1518,2/14/19 13:48,11.52,89.437,0.993
1519,2/14/19 13:49,11.559,89.466,0.993
1520,2/14/19 13:50,11.617,89.472,0.993
1521,2/14/19 13:51,11.624,89.543,0.993
1522,2/14/19 13:52,11.644,89.592,0.993
1523,2/14/19 13:53,11.626,89.647,0.993
1524,2/14/19 13:54,11.674,89.415,0.993
1525,2/14/19 13:55,11.721,89.363,0.993
1526,2/14/19 13:56,11.692,89.559,0.993
1527,2/14/19 13:57,11.71,89.528,0.993
1528,2/14/19 13:58,11.693,89.61,0.993
1529,2/14/19 13:59,11.697,89.563,0.993
1530,2/14/19 14:00,11.704,89.664,0.993
1531,2/14/19 14:01,11.693,89.603,0.993
1532,2/14/19 14:02,11.707,89.586,0.993
1533,2/14/19 14:03,11.735,89.546,0.993
1534,2/14/19 14:04,11.687,89.581,0.993
1535,2/14/19 14:05,11.712,89.596,0.993
1536,2/14/19 14:06,11.726,89.569,0.993
1537,2/14/19 14:07,11.73,89.521,0.992
1538,2/14/19 14:08,11.71,89.495,0.992
1539,2/14/19 14:09,11.714,89.455,0.993
1540,2/14/19 14:10,11.719,89.472,0.993
1541,2/14/19 14:11,11.725,89.551,0.993
1542,2/14/19 14:12,11.732,89.61,0.993
1543,2/14/19 14:13,11.701,89.541,0.993
1544,2/14/19 14:14,11.755,89.571,0.992
1545,2/14/19 14:15,11.766,89.649,0.992
1546,2/14/19 14:16,11.81,89.672,0.992
1547,2/14/19 14:17,11.84,89.695,0.992
1548,2/14/19 14:18,11.866,89.789,0.992
1549,2/14/19 14:19,11.848,89.829,0.992
1550,2/14/19 14:20,11.866,89.758,0.992
1551,2/14/19 14:21,11.895,89.778,0.992
1552,2/14/19 14:22,11.905,89.772,0.992
1553,2/14/19 14:23,11.913,89.708,0.992
1554,2/14/19 14:24,11.905,89.778,0.992
1555,2/14/19 14:25,11.925,89.807,0.992
1556,2/14/19 14:26,11.908,89.707,0.992
1557,2/14/19 14:27,11.876,89.782,0.992
1558,2/14/19 14:28,11.901,89.61,0.993
1559,2/14/19 14:29,11.879,89.692,0.992
1560,2/14/19 14:30,11.811,89.682,0.992
1561,2/14/19 14:31,11.802,89.717,0.992
1562,2/14/19 14:32,11.772,89.692,0.992
1563,2/14/19 14:33,11.839,89.671,0.992
1564,2/14/19 14:34,11.803,89.577,0.992
1565,2/14/19 14:35,11.845,89.472,0.992
1566,2/14/19 14:36,11.775,89.618,0.992
1567,2/14/19 14:37,11.737,89.663,0.992
1568,2/14/19 14:38,11.76,89.602,0.992
1569,2/14/19 14:39,11.712,89.626,0.992
1570,2/14/19 14:40,11.703,89.639,0.992
1571,2/14/19 14:41,11.659,89.597,0.992
1572,2/14/19 14:42,11.62,89.593,0.992
1573,2/14/19 14:43,11.634,89.569,0.992
1574,2/14/19 14:44,11.619,89.531,0.992
1575,2/14/19 14:45,11.627,89.498,0.992
1576,2/14/19 14:46,11.617,89.475,0.992
1577,2/14/19 14:47,11.622,89.45,0.992
1578,2/14/19 14:48,11.611,89.417,0.992
1579,2/14/19 14:49,11.635,89.391,0.992
1580,2/14/19 14:50,11.581,89.372,0.992
1581,2/14/19 14:51,11.57,89.286,0.992
1582,2/14/19 14:52,11.641,89.229,0.992
1583,2/14/19 14:53,11.607,89.198,0.992
1584,2/14/19 14:54,11.576,89.14,0.992
1585,2/14/19 14:55,11.584,89.061,0.992
1586,2/14/19 14:56,11.648,89.093,0.992
1587,2/14/19 14:57,11.769,89.111,0.992
1588,2/14/19 14:58,11.827,89.085,0.992
1589,2/14/19 14:59,11.937,89.016,0.992
1590,2/14/19 15:00,11.975,89.004,0.992
1591,2/14/19 15:01,12.062,88.993,0.992
1592,2/14/19 15:02,12.008,88.955,0.992
1593,2/14/19 15:03,12.047,88.985,0.992
1594,2/14/19 15:04,12.062,89.009,0.992
1595,2/14/19 15:05,12.071,88.973,0.992
1596,2/14/19 15:06,12.153,88.917,0.992
1597,2/14/19 15:07,12.131,88.823,0.992
1598,2/14/19 15:08,12.139,88.724,0.992
1599,2/14/19 15:09,12.278,88.676,0.992
1600,2/14/19 15:10,12.132,88.646,0.992
1601,2/14/19 15:11,12.136,88.597,0.992
1602,2/14/19 15:12,12.15,88.575,0.993
1603,2/14/19 15:13,12.081,88.525,0.993
1604,2/14/19 15:14,12.095,88.494,0.993
1605,2/14/19 15:15,12.07,88.459,0.993
1606,2/14/19 15:16,12.045,88.423,0.993
1607,2/14/19 15:17,12.043,88.332,0.993
1608,2/14/19 15:18,12.086,88.301,0.993
1609,2/14/19 15:19,12.062,88.313,0.993
1610,2/14/19 15:20,12.101,88.322,0.993
1611,2/14/19 15:21,12.086,88.333,0.993
1612,2/14/19 15:22,12.081,88.298,0.993
1613,2/14/19 15:23,12.079,88.234,0.993
1614,2/14/19 15:24,12.098,88.202,0.993
1615,2/14/19 15:25,12.092,88.158,0.993
1616,2/14/19 15:26,12.107,88.183,0.993
1617,2/14/19 15:27,12.113,88.208,0.993
1618,2/14/19 15:28,12.079,88.232,0.993
1619,2/14/19 15:29,12.126,88.162,0.993
1620,2/14/19 15:30,12.082,88.136,0.993
1621,2/14/19 15:31,12.116,88.133,0.993
1622,2/14/19 15:32,12.011,88.19,0.993
1623,2/14/19 15:33,11.966,88.143,0.993
1624,2/14/19 15:34,11.979,88.083,0.993
1625,2/14/19 15:35,11.914,87.997,0.993
1626,2/14/19 15:36,11.886,88.018,0.993
1627,2/14/19 15:37,11.852,88.007,0.993
1628,2/14/19 15:38,11.798,87.971,0.993
1629,2/14/19 15:39,11.826,87.945,0.993
1630,2/14/19 15:40,11.796,87.906,0.993
1631,2/14/19 15:41,11.833,87.797,0.993
1632,2/14/19 15:42,11.892,87.837,0.993
1633,2/14/19 15:43,11.8,87.84,0.993
1634,2/14/19 15:44,11.823,87.779,0.993
1635,2/14/19 15:45,11.948,87.764,0.993
1636,2/14/19 15:46,11.879,87.7,0.993
1637,2/14/19 15:47,11.763,87.691,0.993
1638,2/14/19 15:48,11.767,87.646,0.993
1639,2/14/19 15:49,11.786,87.63,0.994
1640,2/14/19 15:50,11.805,87.648,0.994
1641,2/14/19 15:51,11.806,87.686,0.994
1642,2/14/19 15:52,11.773,87.734,0.994
1643,2/14/19 15:53,11.749,87.733,0.994
1644,2/14/19 15:54,11.74,87.746,0.994
1645,2/14/19 15:55,11.735,87.767,0.994
1646,2/14/19 15:56,11.726,87.768,0.994
1647,2/14/19 15:57,11.721,87.771,0.995
1648,2/14/19 15:58,11.73,87.745,0.995
1649,2/14/19 15:59,11.744,87.722,0.995
1650,2/14/19 16:00,11.753,87.697,0.995
1651,2/14/19 16:01,11.758,87.71,0.995
1652,2/14/19 16:02,11.776,87.629,0.995
1653,2/14/19 16:03,11.773,87.708,0.995
1654,2/14/19 16:04,11.74,87.773,0.995
1655,2/14/19 16:05,11.73,87.725,0.995
1656,2/14/19 16:06,11.739,87.689,0.995
1657,2/14/19 16:07,11.743,87.662,0.995
1658,2/14/19 16:08,11.732,87.624,0.995
1659,2/14/19 16:09,11.713,87.615,0.995
1660,2/14/19 16:10,11.712,87.559,0.995
1661,2/14/19 16:11,11.707,87.544,0.995
1662,2/14/19 16:12,11.724,87.474,0.995
1663,2/14/19 16:13,11.721,87.539,0.995
1664,2/14/19 16:14,11.693,87.575,0.995
1665,2/14/19 16:15,11.678,87.581,0.995
1666,2/14/19 16:16,11.683,87.585,0.995
1667,2/14/19 16:17,11.664,87.566,0.995
1668,2/14/19 16:18,11.654,87.558,0.995
1669,2/14/19 16:19,11.658,87.517,0.995
1670,2/14/19 16:20,11.643,87.51,0.995
1671,2/14/19 16:21,11.647,87.476,0.994
1672,2/14/19 16:22,11.647,87.445,0.995
1673,2/14/19 16:23,11.638,87.498,0.995
1674,2/14/19 16:24,11.614,87.483,0.995
1675,2/14/19 16:25,11.618,87.476,0.995
1676,2/14/19 16:26,11.594,87.484,0.995
1677,2/14/19 16:27,11.609,87.469,0.995
1678,2/14/19 16:28,11.622,87.434,0.995
1679,2/14/19 16:29,11.623,87.451,0.995
1680,2/14/19 16:30,11.626,87.391,0.995
1681,2/14/19 16:31,11.636,87.378,0.995
1682,2/14/19 16:32,11.626,87.376,0.995
1683,2/14/19 16:33,11.649,87.309,0.995
1684,2/14/19 16:34,11.645,87.37,0.995
1685,2/14/19 16:35,11.63,87.337,0.995
1686,2/14/19 16:36,11.61,87.329,0.995
1687,2/14/19 16:37,11.61,87.296,0.995
1688,2/14/19 16:38,11.595,87.285,0.995
1689,2/14/19 16:39,11.594,87.243,0.995
1690,2/14/19 16:40,11.589,87.223,0.995
1691,2/14/19 16:41,11.588,87.186,0.995
1692,2/14/19 16:42,11.612,87.161,0.995
1693,2/14/19 16:43,11.621,87.139,0.995
1694,2/14/19 16:44,11.607,87.159,0.995
1695,2/14/19 16:45,11.606,87.138,0.995
1696,2/14/19 16:46,11.602,87.142,0.995
1697,2/14/19 16:47,11.625,87.11,0.995
1698,2/14/19 16:48,11.61,87.093,0.995
1699,2/14/19 16:49,11.625,87.129,0.995
1700,2/14/19 16:50,11.615,87.112,0.995
1701,2/14/19 16:51,11.63,87.105,0.995
1702,2/14/19 16:52,11.633,87.046,0.995
1703,2/14/19 16:53,11.652,87.027,0.995
1704,2/14/19 16:54,11.676,87.03,0.995
1705,2/14/19 16:55,11.672,87.039,0.995
1706,2/14/19 16:56,11.676,87.033,0.995
1707,2/14/19 16:57,11.657,87.048,0.995
1708,2/14/19 16:58,11.653,87.056,0.995
1709,2/14/19 16:59,11.667,87.04,0.995
1710,2/14/19 17:00,11.667,87.028,0.994
1711,2/14/19 17:01,12.004,87.025,0.995
1712,2/14/19 17:02,11.937,87.04,0.995
1713,2/14/19 17:03,11.865,87.055,0.995
1714,2/14/19 17:04,11.868,86.979,0.995
1715,2/14/19 17:05,11.828,86.908,0.995
1716,2/14/19 17:06,11.916,86.966,0.995
1717,2/14/19 17:07,11.787,87.027,0.995
1718,2/14/19 17:08,11.832,87.108,0.995
1719,2/14/19 17:09,11.846,87.065,0.995
1720,2/14/19 17:10,11.803,87.08,0.995
1721,2/14/19 17:11,11.789,87.12,0.995
1722,2/14/19 17:12,11.784,87.088,0.995
1723,2/14/19 17:13,11.73,87.068,0.995
1724,2/14/19 17:14,11.736,87.119,0.995
1725,2/14/19 17:15,11.712,87.137,0.995
1726,2/14/19 17:16,11.721,87.103,0.995
1727,2/14/19 17:17,11.765,87.123,0.995
1728,2/14/19 17:18,11.708,87.136,0.995
1729,2/14/19 17:19,11.698,87.162,0.995
1730,2/14/19 17:20,11.682,87.065,0.995
1731,2/14/19 17:21,11.716,87.071,0.995
1732,2/14/19 17:22,11.672,87.033,0.995
1733,2/14/19 17:23,11.72,87.047,0.995
1734,2/14/19 17:24,11.777,87.01,0.995
1735,2/14/19 17:25,11.892,86.986,0.995
1736,2/14/19 17:26,11.896,86.921,0.995
1737,2/14/19 17:27,11.911,86.953,0.995
1738,2/14/19 17:28,11.81,86.988,0.995
1739,2/14/19 17:29,11.843,86.916,0.995
1740,2/14/19 17:30,11.901,86.927,0.995
1741,2/14/19 17:31,11.926,86.952,0.995
1742,2/14/19 17:32,11.84,87.005,0.995
1743,2/14/19 17:33,12.009,86.993,0.995
1744,2/14/19 17:34,12.09,86.97,0.995
1745,2/14/19 17:35,11.886,86.893,0.995
1746,2/14/19 17:36,12.021,86.878,0.995
1747,2/14/19 17:37,11.963,86.909,0.995
1748,2/14/19 17:38,11.915,86.907,0.995
1749,2/14/19 17:39,12.003,86.947,0.995
1750,2/14/19 17:40,12.11,87.001,0.995
1751,2/14/19 17:41,12.017,86.943,0.995
1752,2/14/19 17:42,12.041,86.947,0.995
1753,2/14/19 17:43,12.032,86.943,0.995
1754,2/14/19 17:44,12.137,86.896,0.995
1755,2/14/19 17:45,12.157,86.907,0.995
1756,2/14/19 17:46,12.142,86.914,0.995
1757,2/14/19 17:47,12.167,86.951,0.995
1758,2/14/19 17:48,12.235,86.946,0.995
1759,2/14/19 17:49,12.163,86.974,0.995
1760,2/14/19 17:50,12.163,86.954,0.995
1761,2/14/19 17:51,12.196,86.944,0.995
1762,2/14/19 17:52,12.109,86.946,0.995
1763,2/14/19 17:53,12.221,86.972,0.995
1764,2/14/19 17:54,12.123,86.926,0.995
1765,2/14/19 17:55,12.099,86.946,0.995
1766,2/14/19 17:56,12.144,86.978,0.995
1767,2/14/19 17:57,12.148,86.937,0.995
1768,2/14/19 17:58,12.084,86.908,0.995
1769,2/14/19 17:59,12.099,86.942,0.995
1770,2/14/19 18:00,12.104,86.921,0.995
1771,2/14/19 18:01,12.163,86.953,0.995
1772,2/14/19 18:02,12.114,86.955,0.995
1773,2/14/19 18:03,12.133,86.91,0.995
1774,2/14/19 18:04,12.089,86.919,0.995
1775,2/14/19 18:05,12.027,86.942,0.995
1776,2/14/19 18:06,12.056,86.942,0.995
1777,2/14/19 18:07,12.046,86.946,0.995
1778,2/14/19 18:08,12.012,86.928,0.995
1779,2/14/19 18:09,12.016,86.908,0.995
1780,2/14/19 18:10,11.992,86.904,0.995
1781,2/14/19 18:11,12.027,86.949,0.995
1782,2/14/19 18:12,12.046,86.943,0.995
1783,2/14/19 18:13,12.046,86.935,0.995
1784,2/14/19 18:14,12.027,86.929,0.995
1785,2/14/19 18:15,12.04,86.896,0.995
1786,2/14/19 18:16,11.986,86.841,0.995
1787,2/14/19 18:17,11.998,86.744,0.995
1788,2/14/19 18:18,12.071,86.744,0.995
1789,2/14/19 18:19,12.229,86.669,0.995
1790,2/14/19 18:20,12.178,86.535,0.995
1791,2/14/19 18:21,12.181,86.48,0.995
1792,2/14/19 18:22,12.292,86.442,0.995
1793,2/14/19 18:23,12.272,86.408,0.995
1794,2/14/19 18:24,12.333,86.36,0.995
1795,2/14/19 18:25,12.256,86.349,0.995
1796,2/14/19 18:26,12.235,86.297,0.995
1797,2/14/19 18:27,12.224,86.222,0.995
1798,2/14/19 18:28,12.238,86.226,0.995
1799,2/14/19 18:29,12.272,86.204,0.995
1800,2/14/19 18:30,12.334,86.171,0.995
1801,2/14/19 18:31,12.387,86.14,0.995
1802,2/14/19 18:32,12.426,86.145,0.995
1803,2/14/19 18:33,12.464,86.119,0.995
1804,2/14/19 18:34,12.493,86.133,0.995
1805,2/14/19 18:35,12.512,86.105,0.995
1806,2/14/19 18:36,12.531,86.081,0.995
1807,2/14/19 18:37,12.541,86.089,0.995
1808,2/14/19 18:38,12.559,86.055,0.995
1809,2/14/19 18:39,12.559,86.039,0.995
1810,2/14/19 18:40,12.592,86.009,0.995
1811,2/14/19 18:41,12.636,86.004,0.995
1812,2/14/19 18:42,12.636,86.011,0.995
1813,2/14/19 18:43,12.637,86.077,0.995
1814,2/14/19 18:44,12.627,86.059,0.995
1815,2/14/19 18:45,12.594,86.073,0.995
1816,2/14/19 18:46,12.599,86.097,0.995
1817,2/14/19 18:47,12.57,86.11,0.995
1818,2/14/19 18:48,12.59,86.114,0.995
1819,2/14/19 18:49,12.56,86.108,0.995
1820,2/14/19 18:50,12.569,86.066,0.995
1821,2/14/19 18:51,12.593,86.059,0.995
1822,2/14/19 18:52,12.612,86.035,0.995
1823,2/14/19 18:53,12.623,86.077,0.995
1824,2/14/19 18:54,12.608,86.07,0.995
1825,2/14/19 18:55,12.578,86.044,0.995
1826,2/14/19 18:56,12.608,86.067,0.995
1827,2/14/19 18:57,12.594,86.107,0.995
1828,2/14/19 18:58,12.619,86.116,0.995
1829,2/14/19 18:59,12.624,86.144,0.995
1830,2/14/19 19:00,12.624,86.136,0.995
1831,2/14/19 19:01,12.61,86.144,0.995
1832,2/14/19 19:02,12.634,86.137,0.995
1833,2/14/19 19:03,12.639,86.167,0.995
1834,2/14/19 19:04,12.626,86.199,0.995
1835,2/14/19 19:05,12.635,86.174,0.995
1836,2/14/19 19:06,12.654,86.177,0.995
1837,2/14/19 19:07,12.655,86.207,0.995
1838,2/14/19 19:08,12.655,86.21,0.995
1839,2/14/19 19:09,12.641,86.233,0.995
1840,2/14/19 19:10,12.66,86.225,0.995
1841,2/14/19 19:11,12.699,86.214,0.995
1842,2/14/19 19:12,12.714,86.231,0.995
1843,2/14/19 19:13,12.743,86.245,0.995
1844,2/14/19 19:14,12.723,86.227,0.995
1845,2/14/19 19:15,12.728,86.212,0.995
1846,2/14/19 19:16,12.758,86.256,0.995
1847,2/14/19 19:17,12.755,86.317,0.995
1848,2/14/19 19:18,12.788,86.293,0.995
1849,2/14/19 19:19,12.812,86.272,0.995
1850,2/14/19 19:20,12.823,86.316,0.995
1851,2/14/19 19:21,12.846,86.285,0.995
1852,2/14/19 19:22,12.879,86.224,0.995
1853,2/14/19 19:23,12.88,86.286,0.995
1854,2/14/19 19:24,12.877,86.345,0.995
1855,2/14/19 19:25,12.906,86.341,0.995
1856,2/14/19 19:26,12.97,86.37,0.995
1857,2/14/19 19:27,12.942,86.425,0.995
1858,2/14/19 19:28,12.941,86.365,0.995
1859,2/14/19 19:29,12.951,86.377,0.995
1860,2/14/19 19:30,12.951,86.37,0.995
1861,2/14/19 19:31,12.946,86.378,0.995
1862,2/14/19 19:32,12.945,86.355,0.995
1863,2/14/19 19:33,12.975,86.37,0.995
1864,2/14/19 19:34,12.98,86.362,0.995
1865,2/14/19 19:35,12.966,86.384,0.995
1866,2/14/19 19:36,12.947,86.418,0.995
1867,2/14/19 19:37,12.927,86.402,0.995
1868,2/14/19 19:38,12.941,86.365,0.995
1869,2/14/19 19:39,12.96,86.375,0.995
1870,2/14/19 19:40,12.951,86.378,0.995
1871,2/14/19 19:41,12.936,86.385,0.995
1872,2/14/19 19:42,12.996,86.418,0.995
1873,2/14/19 19:43,13.126,86.386,0.995
1874,2/14/19 19:44,12.97,86.351,0.995
1875,2/14/19 19:45,13.253,86.379,0.995
1876,2/14/19 19:46,13.093,86.433,0.995
1877,2/14/19 19:47,13.318,86.447,0.995
1878,2/14/19 19:48,13.28,86.468,0.995
1879,2/14/19 19:49,13.23,86.431,0.995
1880,2/14/19 19:50,13.303,86.431,0.995
1881,2/14/19 19:51,13.269,86.42,0.995
1882,2/14/19 19:52,13.303,86.41,0.995
1883,2/14/19 19:53,13.298,86.396,0.995
1884,2/14/19 19:54,13.151,86.37,0.995
1885,2/14/19 19:55,13.091,86.328,0.995
1886,2/14/19 19:56,13.05,86.257,0.995
1887,2/14/19 19:57,13,86.209,0.995
1888,2/14/19 19:58,13.015,86.192,0.995
1889,2/14/19 19:59,12.984,86.144,0.995
1890,2/14/19 20:00,12.969,86.114,0.995
1891,2/14/19 20:01,12.944,86.104,0.995
1892,2/14/19 20:02,12.957,86.034,0.995
1893,2/14/19 20:03,12.942,85.99,0.995
1894,2/14/19 20:04,12.918,85.996,0.995
1895,2/14/19 20:05,12.911,85.942,0.995
1896,2/14/19 20:06,12.906,85.907,0.995
1897,2/14/19 20:07,12.929,85.847,0.995
1898,2/14/19 20:08,12.89,85.868,0.995
1899,2/14/19 20:09,12.91,85.865,0.995
1900,2/14/19 20:10,12.87,85.851,0.995
1901,2/14/19 20:11,12.861,85.853,0.995
1902,2/14/19 20:12,12.851,85.87,0.995
1903,2/14/19 20:13,12.836,85.842,0.995
1904,2/14/19 20:14,12.816,85.83,0.995
1905,2/14/19 20:15,12.834,85.759,0.995
1906,2/14/19 20:16,12.849,85.759,0.995
1907,2/14/19 20:17,12.83,85.768,0.995
1908,2/14/19 20:18,12.814,85.74,0.995
1909,2/14/19 20:19,12.81,85.743,0.995
1910,2/14/19 20:20,12.828,85.706,0.995
1911,2/14/19 20:21,12.876,85.675,0.995
1912,2/14/19 20:22,12.776,85.748,0.995
1913,2/14/19 20:23,12.74,85.683,0.995
1914,2/14/19 20:24,12.75,85.682,0.995
1915,2/14/19 20:25,12.746,85.716,0.995
1916,2/14/19 20:26,12.721,85.703,0.995
1917,2/14/19 20:27,12.688,85.726,0.995
1918,2/14/19 20:28,12.663,85.725,0.995
1919,2/14/19 20:29,12.62,85.722,0.995
1920,2/14/19 20:30,12.604,85.693,0.995
1921,2/14/19 20:31,12.561,85.683,0.995
1922,2/14/19 20:32,12.584,85.662,0.995
1923,2/14/19 20:33,12.555,85.658,0.995
1924,2/14/19 20:34,12.564,85.616,0.995
1925,2/14/19 20:35,12.544,85.592,0.995
1926,2/14/19 20:36,12.549,85.612,0.995
1927,2/14/19 20:37,12.538,85.562,0.995
1928,2/14/19 20:38,12.509,85.567,0.995
1929,2/14/19 20:39,12.542,85.515,0.995
1930,2/14/19 20:40,12.509,85.539,0.995
1931,2/14/19 20:41,12.495,85.566,0.996
1932,2/14/19 20:42,12.504,85.537,0.995
1933,2/14/19 20:43,12.5,85.574,0.995
1934,2/14/19 20:44,12.461,85.57,0.995
1935,2/14/19 20:45,12.447,85.611,0.996
1936,2/14/19 20:46,12.419,85.624,0.996
1937,2/14/19 20:47,12.424,85.638,0.996
1938,2/14/19 20:48,12.429,85.661,0.996
1939,2/14/19 20:49,12.428,85.626,0.996
1940,2/14/19 20:50,12.415,85.658,0.996
1941,2/14/19 20:51,12.415,85.655,0.996
1942,2/14/19 20:52,12.419,85.622,0.996
1943,2/14/19 20:53,12.413,85.574,0.996
1944,2/14/19 20:54,12.418,85.607,0.996
1945,2/14/19 20:55,12.427,85.581,0.996
1946,2/14/19 20:56,12.435,85.497,0.996
1947,2/14/19 20:57,12.45,85.503,0.996
1948,2/14/19 20:58,12.434,85.431,0.996
1949,2/14/19 20:59,12.482,85.432,0.996
1950,2/14/19 21:00,12.491,85.374,0.996
1951,2/14/19 21:01,12.5,85.384,0.996
1952,2/14/19 21:02,12.506,85.42,0.996
1953,2/14/19 21:03,12.482,85.426,0.996
1954,2/14/19 21:04,12.458,85.443,0.996
1955,2/14/19 21:05,12.466,85.367,0.996
1956,2/14/19 21:06,12.48,85.335,0.996
1957,2/14/19 21:07,12.47,85.301,0.996
1958,2/14/19 21:08,12.465,85.314,0.996
1959,2/14/19 21:09,12.46,85.32,0.996
1960,2/14/19 21:10,12.455,85.296,0.996
1961,2/14/19 21:11,12.469,85.258,0.996
1962,2/14/19 21:12,12.477,85.195,0.996
1963,2/14/19 21:13,12.51,85.145,0.996
1964,2/14/19 21:14,12.517,85.05,0.996
1965,2/14/19 21:15,12.509,85.113,0.996
1966,2/14/19 21:16,12.494,85.102,0.996
1967,2/14/19 21:17,12.513,85.059,0.996
1968,2/14/19 21:18,12.537,85.065,0.996
1969,2/14/19 21:19,12.555,84.995,0.996
1970,2/14/19 21:20,12.574,84.971,0.996
1971,2/14/19 21:21,12.56,85.027,0.996
1972,2/14/19 21:22,12.578,84.969,0.996
1973,2/14/19 21:23,12.575,85.018,0.996
1974,2/14/19 21:24,12.578,84.951,0.996
1975,2/14/19 21:25,12.596,84.891,0.996
1976,2/14/19 21:26,12.602,84.948,0.996
1977,2/14/19 21:27,12.62,84.887,0.996
1978,2/14/19 21:28,12.635,84.903,0.996
1979,2/14/19 21:29,12.597,84.941,0.996
1980,2/14/19 21:30,12.621,84.931,0.996
1981,2/14/19 21:31,12.612,84.938,0.996
1982,2/14/19 21:32,12.632,84.982,0.996
1983,2/14/19 21:33,12.627,84.957,0.996
1984,2/14/19 21:34,12.638,84.843,0.996
1985,2/14/19 21:35,12.649,84.862,0.996
1986,2/14/19 21:36,12.627,84.956,0.996
1987,2/14/19 21:37,12.631,84.941,0.996
1988,2/14/19 21:38,12.641,84.943,0.996
1989,2/14/19 21:39,12.641,84.941,0.996
1990,2/14/19 21:40,12.639,84.867,0.996
1991,2/14/19 21:41,12.649,84.872,0.996
1992,2/14/19 21:42,12.653,84.841,0.996
1993,2/14/19 21:43,12.696,84.808,0.996
1994,2/14/19 21:44,12.706,84.844,0.996
1995,2/14/19 21:45,12.696,84.826,0.996
1996,2/14/19 21:46,12.687,84.858,0.996
1997,2/14/19 21:47,12.678,84.871,0.996
1998,2/14/19 21:48,12.677,84.829,0.996
1999,2/14/19 21:49,12.658,84.869,0.996
2000,2/14/19 21:50,12.663,84.838,0.996
2001,2/14/19 21:51,12.647,84.807,0.996
2002,2/14/19 21:52,12.662,84.832,0.996
2003,2/14/19 21:53,12.68,84.749,0.996
2004,2/14/19 21:54,12.68,84.766,0.996
2005,2/14/19 21:55,12.667,84.796,0.996
2006,2/14/19 21:56,12.677,84.845,0.996
2007,2/14/19 21:57,12.706,84.816,0.996
2008,2/14/19 21:58,12.715,84.784,0.996
2009,2/14/19 21:59,12.678,84.861,0.996
2010,2/14/19 22:00,12.692,84.861,0.996
2011,2/14/19 22:01,12.692,84.837,0.996
2012,2/14/19 22:02,12.725,84.799,0.996
2013,2/14/19 22:03,12.719,84.737,0.996
2014,2/14/19 22:04,12.738,84.733,0.996
2015,2/14/19 22:05,12.739,84.763,0.996
2016,2/14/19 22:06,12.715,84.786,0.996
2017,2/14/19 22:07,12.711,84.817,0.996
2018,2/14/19 22:08,12.71,84.806,0.996
2019,2/14/19 22:09,12.724,84.778,0.996
2020,2/14/19 22:10,12.733,84.742,0.996
2021,2/14/19 22:11,12.725,84.802,0.996
2022,2/14/19 22:12,12.725,84.811,0.996
2023,2/14/19 22:13,12.74,84.81,0.996
2024,2/14/19 22:14,12.749,84.819,0.996
2025,2/14/19 22:15,12.773,84.798,0.996
2026,2/14/19 22:16,12.796,84.735,0.996
2027,2/14/19 22:17,12.773,84.793,0.996
2028,2/14/19 22:18,12.768,84.777,0.996
2029,2/14/19 22:19,12.759,84.799,0.996
2030,2/14/19 22:20,12.762,84.743,0.996
2031,2/14/19 22:21,12.792,84.757,0.996
2032,2/14/19 22:22,12.796,84.735,0.996
2033,2/14/19 22:23,12.781,84.709,0.996
2034,2/14/19 22:24,12.805,84.682,0.996
2035,2/14/19 22:25,12.791,84.722,0.996
2036,2/14/19 22:26,12.79,84.676,0.996
2037,2/14/19 22:27,12.787,84.749,0.996
2038,2/14/19 22:28,12.787,84.748,0.996
2039,2/14/19 22:29,12.783,84.815,0.996
2040,2/14/19 22:30,12.778,84.808,0.996
2041,2/14/19 22:31,12.774,84.825,0.996
2042,2/14/19 22:32,12.802,84.762,0.996
2043,2/14/19 22:33,12.807,84.777,0.996
2044,2/14/19 22:34,12.802,84.773,0.996
2045,2/14/19 22:35,12.821,84.75,0.996
2046,2/14/19 22:36,12.822,84.795,0.996
2047,2/14/19 22:37,12.831,84.782,0.996
2048,2/14/19 22:38,12.84,84.765,0.996
2049,2/14/19 22:39,12.84,84.743,0.996
2050,2/14/19 22:40,12.844,84.725,0.996
2051,2/14/19 22:41,12.841,84.769,0.996
2052,2/14/19 22:42,12.851,84.784,0.996
2053,2/14/19 22:43,12.87,84.786,0.996
2054,2/14/19 22:44,12.888,84.701,0.996
2055,2/14/19 22:45,12.902,84.69,0.996
2056,2/14/19 22:46,12.922,84.722,0.996
2057,2/14/19 22:47,12.916,84.668,0.996
2058,2/14/19 22:48,12.921,84.679,0.996
2059,2/14/19 22:49,12.889,84.742,0.996
2060,2/14/19 22:50,12.922,84.727,0.996
2061,2/14/19 22:51,12.94,84.67,0.996
2062,2/14/19 22:52,12.935,84.673,0.996
2063,2/14/19 22:53,12.945,84.672,0.996
2064,2/14/19 22:54,12.945,84.67,0.996
2065,2/14/19 22:55,12.96,84.661,0.996
2066,2/14/19 22:56,12.951,84.695,0.996
2067,2/14/19 22:57,12.975,84.698,0.996
2068,2/14/19 22:58,12.969,84.659,0.996
2069,2/14/19 22:59,13.012,84.606,0.996
2070,2/14/19 23:00,13.003,84.671,0.996
2071,2/14/19 23:01,13.017,84.642,0.996
2072,2/14/19 23:02,13.037,84.66,0.996
2073,2/14/19 23:03,13.082,84.506,0.996
2074,2/14/19 23:04,13.066,84.655,0.996
2075,2/14/19 23:05,13.061,84.625,0.996
2076,2/14/19 23:06,13.057,84.655,0.996
2077,2/14/19 23:07,13.056,84.626,0.996
2078,2/14/19 23:08,13.085,84.613,0.996
2079,2/14/19 23:09,13.1,84.648,0.996
2080,2/14/19 23:10,13.105,84.651,0.996
2081,2/14/19 23:11,13.132,84.567,0.996
2082,2/14/19 23:12,13.143,84.599,0.996
2083,2/14/19 23:13,13.189,84.484,0.996
2084,2/14/19 23:14,13.214,84.529,0.996
2085,2/14/19 23:15,13.211,84.586,0.996
2086,2/14/19 23:16,13.221,84.598,0.996
2087,2/14/19 23:17,13.222,84.632,0.996
2088,2/14/19 23:18,13.241,84.625,0.996
2089,2/14/19 23:19,13.245,84.6,0.996
2090,2/14/19 23:20,13.274,84.562,0.996
2091,2/14/19 23:21,13.316,84.5,0.996
2092,2/14/19 23:22,13.307,84.528,0.996
2093,2/14/19 23:23,13.314,84.632,0.996
2094,2/14/19 23:24,13.295,84.659,0.996
2095,2/14/19 23:25,13.324,84.639,0.996
2096,2/14/19 23:26,13.329,84.627,0.996
2097,2/14/19 23:27,13.343,84.609,0.996
2098,2/14/19 23:28,13.386,84.597,0.996
2099,2/14/19 23:29,13.392,84.636,0.996
2100,2/14/19 23:30,13.412,84.629,0.996
2101,2/14/19 23:31,13.431,84.604,0.996
2102,2/14/19 23:32,13.412,84.661,0.996
2103,2/14/19 23:33,13.454,84.566,0.996
2104,2/14/19 23:34,13.44,84.594,0.996
2105,2/14/19 23:35,13.45,84.596,0.996
2106,2/14/19 23:36,13.456,84.64,0.996
2107,2/14/19 23:37,13.441,84.642,0.996
2108,2/14/19 23:38,13.464,84.579,0.995
2109,2/14/19 23:39,13.496,84.494,0.996
2110,2/14/19 23:40,13.456,84.634,0.995
2111,2/14/19 23:41,13.455,84.608,0.995
2112,2/14/19 23:42,13.465,84.604,0.995
2113,2/14/19 23:43,13.469,84.584,0.995
2114,2/14/19 23:44,13.451,84.629,0.995
2115,2/14/19 23:45,13.458,84.536,0.996
2116,2/14/19 23:46,13.486,84.462,0.996
2117,2/14/19 23:47,13.5,84.454,0.996
2118,2/14/19 23:48,13.492,84.524,0.996
2119,2/14/19 23:49,13.502,84.521,0.996
2120,2/14/19 23:50,13.469,84.567,0.996
2121,2/14/19 23:51,13.464,84.561,0.996
2122,2/14/19 23:52,13.45,84.613,0.996
2123,2/14/19 23:53,13.463,84.548,0.996
2124,2/14/19 23:54,13.45,84.602,0.996
2125,2/14/19 23:55,13.458,84.545,0.996
2126,2/14/19 23:56,13.458,84.537,0.996
2127,2/14/19 23:57,13.469,84.567,0.996
2128,2/14/19 23:58,13.458,84.532,0.996
2129,2/14/19 23:59,13.458,84.538,0.996
